created	title	category	visibility	views	likes	comments	url
2025-07-07	250707_로엔 작품	기타	비공개	0	0	0	https://playentry.org/project/686b815a6a26b17af76e557a
2025-07-03	BETRAYAL	기타	비공개	6	0	0	https://playentry.org/project/6866231ca50548e015a212cb
2025-07-01	250701_로엔 작품	기타	비공개	0	0	0	https://playentry.org/project/686393b2559cb8d70686eb67
2025-06-27	250627_로엔 작품	기타	비공개	0	0	0	https://playentry.org/project/685e954d188a3f94e2c6297e
2025-06-25	250625_로엔 작품	기타	비공개	0	0	0	https://playentry.org/project/685bea77b51ca508ffa64367
2025-06-22	250622_로엔 작품	기타	비공개	2	0	0	https://playentry.org/project/685803aac0d1254364dfc55c
2025-06-20	히트맨	게임	비공개	18	0	0	https://playentry.org/project/6855623824840d105eb4357c
2025-06-19	섬광탄	기타	비공개	4	0	0	https://playentry.org/project/6853ce7c44386629dcdfee06
2025-04-03	리버스 점프맵	기타	비공개	3	0	0	https://playentry.org/project/67ee5a554ce35aa1cb31d3c0
2025-04-03	PARRY	기타	비공개	0	0	0	https://playentry.org/project/67ee3ea85bff94ecf2876bb9
2025-04-02	[반전] 리버스 점프맵	게임	비공개	57	3	2	https://playentry.org/project/67eceea36a4b1cedad6b3897
2025-04-02	빛의 속도로 종이를 버려본적 있나?	기타	비공개	0	0	0	https://playentry.org/project/67eceabf6a4b1cedad6aa265
2025-04-01	새총의 전설	기타	비공개	5	0	0	https://playentry.org/project/67eb9b958e3440612e0c154a
2025-04-01	생존신고	기타	공개	42	1	4	https://playentry.org/project/67eb8c1b4006dea0b703bb1d
2025-03-31	새총의 전설	기타	비공개	5	0	0	https://playentry.org/project/67ea93f44a50180bff4c9592
2025-03-31	(대충 만든)Tower Defence Simulator	기타	비공개	0	0	0	https://playentry.org/project/67ea8970d275ac38a4b3dc40
2025-03-29	엔트리 이스케이프_ESCAPE	기타	비공개	0	0	0	https://playentry.org/project/67e7f2b5e47f1369509bc25b
2025-02-25	H or H	기타	비공개	1	0	0	https://playentry.org/project/67bd7204eedba15a6c9110ac
2023-01-06	??????????????????	기타	비공개	83	2	7	https://playentry.org/project/63b7b2a2f85887003728cb3c
2022-12-19	221219_로엔 작품	기타	비공개	0	0	0	https://playentry.org/project/63a03d2c011609002c447260
2022-12-12	타이포그래피	기타	비공개	11	0	0	https://playentry.org/project/63971cb1049db6004a4d30fd
2022-12-06	EN player:동영상 플레이어의 리메이크	생활과 도구	비공개	1	0	0	https://playentry.org/project/638f3482871222002557653c
2022-12-04	로엔한테 편지를 보내봐요!	기타	비공개	55	2	8	https://playentry.org/project/638c8249d465dd001aec7605
2022-12-02	유튜브 채널 개설!(로블록스)	기타	비공개	58	2	14	https://playentry.org/project/6389ce751cc59400fcafff2a
2022-11-28	난 이대로 죽지 않는다.	기타	비공개	55	2	14	https://playentry.org/project/6384936d37f13d002c13e8fb
2022-11-28	엔접하고 싶다......	기타	비공개	44	1	8	https://playentry.org/project/638463c9fe9b5f00251e600f
2022-11-27	3d? 예제인가의 리메이크	게임	비공개	2	0	0	https://playentry.org/project/6382ee92353e2d0025cf6f46
2022-11-27	이모티콘!!!!!	기타	비공개	27	1	3	https://playentry.org/project/6382d8ad58af730038f4a56f
2022-11-26	221127_로엔 작품	기타	비공개	4	0	0	https://playentry.org/project/63829cdddd61db006fb39066
2022-11-24	말타는 엔트리봇	기타	비공개	3	0	0	https://playentry.org/project/637f4a931f89a60056f7bc32
2022-11-23	제작중	기타	비공개	2	0	0	https://playentry.org/project/637e0225277be2002c39db4e
2022-11-14	호랑풍류가 전주 2파트일걸요의 리메이크	예술	비공개	62	2	2	https://playentry.org/project/6372011ab280a400fe88d663
2022-11-11	아 진짜 할게없어요...할걸 좀 주세요........	기타	비공개	2	0	0	https://playentry.org/project/636e12ccbb0e410092e7bdff
2022-11-09	여러분	기타	비공개	45	0	14	https://playentry.org/project/636b82dea18c1b00abca6deb
2022-11-07	221107_로엔 작품	기타	비공개	1	0	0	https://playentry.org/project/6368f9af3758300056357807
2022-11-03	...	기타	비공개	28	1	3	https://playentry.org/project/6363b315b66864005630f728
2022-11-02	아..아...끝났다..!	지식 공유	비공개	65	2	2	https://playentry.org/project/636244bb6c977e002563d275
2022-11-02	동의해주세요	기타	비공개	16	0	0	https://playentry.org/project/6362390604afcd00624a8340
2022-11-01	이게 카메라구나!	기타	비공개	29	2	1	https://playentry.org/project/63611339143fe30038068826
2022-10-31	만화(디드님 형식)	기타	비공개	0	0	0	https://playentry.org/project/635fb5b72a1fca006ef8fa4e
2022-10-30	태론 1주년 기념 애니 비하인드	스토리텔링	비공개	49	3	6	https://playentry.org/project/635e662b45577000373d9376
2022-10-29	221029_로엔 작품	기타	비공개	1	0	0	https://playentry.org/project/635d06d534c006002571c9ca
2022-10-24	으아어우이에 기찬으의 리메이크	기타	비공개	25	0	4	https://playentry.org/project/63567c8376f33d037a7c313e
2022-10-22	베스킨라빈스 31	기타	비공개	1	0	0	https://playentry.org/project/6353abbb4281c30261fe2459
2022-10-17	엔이츠-백력일섬	기타	비공개	62	4	7	https://playentry.org/project/634d311c2b10bd01609dde96
2022-10-10	로벅스?	기타	비공개	57	0	4	https://playentry.org/project/63440be242cab10085639bc8
2022-10-10	221010_로엔 작품	기타	비공개	1	0	0	https://playentry.org/project/634404fcb19fa90063270a71
2022-10-06	[보물찾기]_진짜 힘(3화)의 리메이크	스토리텔링	비공개	2	0	0	https://playentry.org/project/633ec047751f580062c636ea
2022-10-06	221006_로엔 작품	기타	비공개	1	0	0	https://playentry.org/project/633e8a7cce779600b380f6e7
2022-10-04	애니메이터로 전직할래요	기타	비공개	50	1	6	https://playentry.org/project/633bfd25a5e47a00b4482179
2022-09-28	알까기 효과 베타의 리메이크	기타	비공개	0	0	0	https://playentry.org/project/63344d6e1d7ee000c32f132a
2022-09-28	바운스볼 낙하데미지의 탑의 리메이크	게임	비공개	2	0	0	https://playentry.org/project/63343ee409fded01510fb146
2022-09-25	챌린지를 위한 도약(날먹)의 리메이크	게임	비공개	162	3	3	https://playentry.org/project/6330e1084a273600da7f988d
2022-09-23	아리랑 합작의 리메이크	예술	비공개	3	0	0	https://playentry.org/project/632d72baddbeb3004a6292ef
2022-09-22	E.G 사전예약자 모집	게임	비공개	82	2	8	https://playentry.org/project/632c5208532fa9004a7ad675
2022-09-21	리터님의 지팡이..?	기타	비공개	67	0	3	https://playentry.org/project/632ae5a3d44bd204b92b8510
2022-09-19	검,파,초,빨(프로토타입 1,2,3,4)	기타	비공개	5	0	2	https://playentry.org/project/63283bb53f320d03eeb92106
2022-09-18	폭탄	기타	비공개	17	1	4	https://playentry.org/project/632706f9f0163602ac94d915
2022-09-17	물리엔진	기타	비공개	36	2	8	https://playentry.org/project/63252bb5fac86700dad9c80b
2022-09-16	220916_로엔 작품	기타	비공개	0	0	0	https://playentry.org/project/632425dcf008ac01825e9472
2022-09-15	'''믕의 리메이크	기타	비공개	36	0	0	https://playentry.org/project/6323b33637ba3e02f20f23c5
2022-09-13	Online Parkour 매주 토요일 18시 대회!의	게임	비공개	2	0	0	https://playentry.org/project/63206055fb39c7022ad5f629
2022-09-12	'''믕	기타	비공개	42	2	7	https://playentry.org/project/631f0e625b4d3902720065ac
2022-09-09	와우	기타	비공개	71	1	8	https://playentry.org/project/631acb859bf8e3012ebafd06
2022-09-07	영원..?	기타	비공개	39	0	8	https://playentry.org/project/63192795aba0de00a9e0ea0d
2022-08-29	220829_로엔 작품	기타	비공개	3	0	0	https://playentry.org/project/630ca23183a0f7021119c038
2022-08-29	220829_로엔 작품	기타	비공개	2	0	0	https://playentry.org/project/630c7fce071cbe01f9098d0e
2022-08-28	이게 바로 로니킷인가?	기타	비공개	75	1	6	https://playentry.org/project/630b382abc6a1801970a1261
2022-08-27	OBS	기타	비공개	2	0	0	https://playentry.org/project/630a09375046a501d35a866b
2022-08-27	음	기타	비공개	34	2	4	https://playentry.org/project/6309fea11e5c8602c4b23c3a
2022-08-24	미사일이 미사일(?)를 쏘면?	기타	비공개	42	1	5	https://playentry.org/project/6305ec637b328a027263dd66
2022-08-24	ㅘㅜ	기타	비공개	45	0	3	https://playentry.org/project/6305e5c521986802069655c4
2022-08-23	대포알이 폭발하면?	기타	비공개	2	0	0	https://playentry.org/project/6304b48f6455df01d5ec9ab8
2022-08-22	알았다!!!!!!!	기타	비공개	43	1	4	https://playentry.org/project/63034757219868020695a871
2022-08-19	220819_로엔 작품	기타	비공개	0	0	0	https://playentry.org/project/62ff5b1122912701eec35dfc
2022-08-15	220815_로엔 작품	기타	비공개	0	0	0	https://playentry.org/project/62f9f7a4ad1e25015e4a07b9
2022-08-15	220815_로엔 작품	기타	비공개	0	0	0	https://playentry.org/project/62f99eb999a207016a278a72
2022-08-12	프사 움직이게 하는 법	기타	비공개	343	6	10	https://playentry.org/project/62f5c78aaab8ca0146510958
2022-08-10	영자님!!!!!!	기타	비공개	155	0	19	https://playentry.org/project/62f374772439da0086a034a0
2022-08-08	220808_로엔 작품	기타	비공개	1	0	0	https://playentry.org/project/62f0fb96e0997b00b61bac3e
2022-08-07	220807_로엔 작품	기타	비공개	1	0	0	https://playentry.org/project/62efb0f587e6b60025cbc5af
2022-07-30	220730_로엔 작품	기타	비공개	18	0	1	https://playentry.org/project/62e47af5626c2e0062c08b06
2022-07-29	wjsms	기타	비공개	115	1	20	https://playentry.org/project/62e33c777ae5aa004a6af51c
2022-07-27	220727_로엔 작품	기타	비공개	3	0	0	https://playentry.org/project/62e0b5b943c12604caf177ac
2022-07-27	생존자들은 리메이크해주세요!!!의 리메이크	기타	비공개	74	2	7	https://playentry.org/project/62e098a59d16c5002c2fd366
2022-07-27	바이러스!!!!!!!!!!!!	기타	비공개	57	0	13	https://playentry.org/project/62e09731b317bd04cae8fd93
2022-07-25	220725_로엔 작품	기타	비공개	0	0	0	https://playentry.org/project/62de612abe750b0422214608
2022-07-25	해킹당했다ㅏㅏㅏㅏㅏㅏㅏㅏㅏㅏㅏ	기타	비공개	180	2	22	https://playentry.org/project/62dde9a36415fa045ef149ca
2022-07-23	220723_로엔 작품	기타	비공개	1	0	0	https://playentry.org/project/62db429b0bf364043a33be86
2022-07-22	220722_로엔 작품	기타	비공개	0	0	0	https://playentry.org/project/62daa331fabfb1048285d627
2022-07-22	220722_로엔 작품	기타	비공개	1	0	0	https://playentry.org/project/62da844c62defc03c156b2d4
2022-07-21	힘들었다...	기타	비공개	72	0	9	https://playentry.org/project/62d920e5f30a970416c3e48a
2022-07-20	...의 리메이크	기타	비공개	1	0	0	https://playentry.org/project/62d7d387b079f303da823a88
2022-07-19	220719_로엔 작품	기타	비공개	0	0	0	https://playentry.org/project/62d6666258ac4e039edc9e71
2022-07-18	방학이다다다다다다다다다다다다다(오늘)	기타	비공개	60	1	13	https://playentry.org/project/62d531b35af435036234ad4f
2022-07-16	vip0506님 팬아트	기타	비공개	38	2	1	https://playentry.org/project/62d2c1c924f4b0028a2dc123
2022-07-16	제발 클릭하지 마세요	기타	비공개	62	3	10	https://playentry.org/project/62d2ba08e940f90266cccbf2
2022-07-16	220716_로엔 작품	기타	비공개	0	0	0	https://playentry.org/project/62d2b172e6dc6f02366bfdda
2022-07-15	[마법, 매직}충격pa	기타	비공개	52	2	3	https://playentry.org/project/62d151762c525b021e459f5f
2022-07-14	로엔의 방송실!	기타	비공개	57	2	4	https://playentry.org/project/62d00ffba53dc00272bde93e
2022-07-14	220714_로엔 작품	기타	비공개	0	0	0	https://playentry.org/project/62cfd8ff1675a501e281b927
2022-07-14	ENTRY ON의 리메이크	생활과 도구	비공개	55	1	1	https://playentry.org/project/62cfd1ed2b7a3601d6988c4e
2022-07-13	작품소개 ㄱㄱ!	기타	비공개	24	0	2	https://playentry.org/project/62ce7c098a382d0176595f6a
2022-07-12	220712_로엔 작품	기타	비공개	0	0	0	https://playentry.org/project/62cd6df30d3e0501224b5081
2022-07-11	220712_로엔 작품	기타	비공개	3	0	0	https://playentry.org/project/62ccb06a03b90301cabb3c45
2022-07-11	220711_로엔 작품	기타	비공개	0	0	0	https://playentry.org/project/62cc133ef4679400f21d7ff9
2022-07-10	220710_로엔 작품	기타	비공개	0	0	0	https://playentry.org/project/62cac17097f14400fe5fcd38
2022-07-08	220708_로엔 작품	기타	비공개	1	0	0	https://playentry.org/project/62c81c9242797400257f4872
2022-07-08	검은색이 하얀색으로 바뀌는 예졔(?)(초보들은 위한)	기타	비공개	84	4	19	https://playentry.org/project/62c7e3602c9b760037d6e187
2022-07-07	220707_로엔 작품	기타	비공개	1	0	0	https://playentry.org/project/62c6ba85c1e5c200568d427d
2022-07-06	옹	기타	비공개	79	3	5	https://playentry.org/project/62c55e56c936970037041781
2022-07-06	엔트리 킹덤(사전예약)(합작)	기타	비공개	64	3	23	https://playentry.org/project/62c541ebafa65a009ead5cd2
2022-07-04	마그마 타임~~~	기타	비공개	24	1	0	https://playentry.org/project/62c2a3d9d2d8af001aafed65
2022-07-02	[마법, 매직]WATER MAGIC	기타	비공개	64	0	9	https://playentry.org/project/62c0356b2e2a93001aaad9f7
2022-07-02	민트님 프사 대회 제출	기타	비공개	81	2	5	https://playentry.org/project/62bfd8a4a00c4500922e5d00
2022-07-01	220701_로엔 작품	기타	비공개	3	0	0	https://playentry.org/project/62bec81e310636022f027f67
2022-06-30	여름 파쿠르!!!!	기타	비공개	65	3	13	https://playentry.org/project/62bd959d887afd004aab4751
2022-06-30	220630_로엔 작품	기타	비공개	2	0	1	https://playentry.org/project/62bd6b965844b6001a319d49
2022-06-29	11인 대합작:이무진,신호등	기타	비공개	245	5	44	https://playentry.org/project/62bc17529b40fa00c20a7a59
2022-06-28	(합작)회전목마 2파트	기타	비공개	112	2	4	https://playentry.org/project/62bade0be701e9036e6dc3f3
2022-06-27	220628_로엔 작품	기타	비공개	1	0	0	https://playentry.org/project/62ba34ad2f0a55004aeadc7d
2022-06-27	3D 게임 엔트리봇!의 리메이크	생활과 도구	비공개	1	0	0	https://playentry.org/project/62b9ac0eb44bef00aaa0f106
2022-06-27	작품소개 보세요	기타	비공개	43	3	9	https://playentry.org/project/62b9829a95b6f60062e31dea
2022-06-27	로엔의 tmi	기타	비공개	42	1	13	https://playentry.org/project/62b96ca6aa2bd105de97b5aa
2022-06-25	아주 자연스러운(부)이동	기타	비공개	62	4	6	https://playentry.org/project/62b79baaefd73c01bec739ad
2022-06-25	[인,스도전]{엔트리빵}의 리메이크	게임	비공개	0	0	0	https://playentry.org/project/62b6d61634ce4703cefbe829
2022-06-24	220625_로엔 작품	기타	비공개	0	0	0	https://playentry.org/project/62b64c19103093004a052b83
2022-06-24	무다무다무다무다무다	기타	비공개	28	1	9	https://playentry.org/project/62b64901103093004a052b2e
2022-06-24	부계 만들었다! (합작과 유튜브용)	기타	비공개	47	0	4	https://playentry.org/project/62b5a32b821e5c060e33d90f
2022-06-24	무다무다무다무다무다	기타	비공개	11	0	0	https://playentry.org/project/62b59b65387b460152270229
2022-06-24	저장기능의 리메이크	기타	비공개	1	0	0	https://playentry.org/project/62b5868501b658043a13169f
2022-06-24	감귤 님의 엔트리봇과 프사	기타	비공개	15	0	3	https://playentry.org/project/62b568448f6fc402660ba92b
2022-06-24	220624_로엔 작품	기타	비공개	2	0	0	https://playentry.org/project/62b563f79ce5070723a9d544
2022-06-23	말읔오님의 엔트리봇과 스킬	기타	비공개	11	0	0	https://playentry.org/project/62b458a6634d38015ec25684
2022-06-23	엔트리 rpg(2D)출연자 모집	기타	비공개	53	0	14	https://playentry.org/project/62b451d951c08903b6688ba0
2022-06-23	지자인 잘하는 사람이 필요함:모집	기타	비공개	35	3	9	https://playentry.org/project/62b446db99713305ae30d935
2022-06-23	도넛으로 도넛 만들깈ㅋㅋㅋㅋㅋㅋㅋㅋㅋㅋ	기타	비공개	63	5	12	https://playentry.org/project/62b42524e7fb0003329aca54
2022-06-22	동글동글 바운스볼!의 리메이크	기타	비공개	1	0	0	https://playentry.org/project/62b3a2fa1c6d2805d28ba637
2022-06-22	인물사전:1.G3jade님	기타	비공개	1	0	0	https://playentry.org/project/62b2fa90eeb89502f6c27f20
2022-06-10	만약 팔로워가....	기타	비공개	32	3	11	https://playentry.org/project/62a31c4fdf9c0b02d15a7fc0
2022-06-09	동글동글 바운스볼!	기타	비공개	86	3	14	https://playentry.org/project/62a1d5cb2ae60f021e58ccea
2022-06-09	네모네모 바운스볼!	기타	비공개	1	0	0	https://playentry.org/project/62a1d58387a0c9039355971a
2022-06-06	인트로 대회!!!	기타	비공개	95	5	14	https://playentry.org/project/629df8c3638e6901fa0da87b
2022-06-06	합작 하실 분~~~~	기타	비공개	54	3	8	https://playentry.org/project/629ded0a7ec7d8012e1ca155
2022-06-03	보스 4인방	기타	비공개	45	2	12	https://playentry.org/project/629a8d67917cb100c2b842a9
2022-06-03	합작 보스 모션	기타	비공개	23	1	1	https://playentry.org/project/6299f83c7b82de0146cf34f5
2022-06-03	또 다른 suyy님 인트로	기타	비공개	23	0	0	https://playentry.org/project/6299d71b1afaf3012ebe95d0
2022-06-03	suyy님 인트로	기타	비공개	34	1	5	https://playentry.org/project/6299cfab95f86d00fe75ea4b
2022-06-01	220601_로엔 작품	기타	비공개	48	0	8	https://playentry.org/project/62971eec8f7c8c00e5fe696c
2022-05-31	네모네모 바운스볼!	기타	비공개	3	0	0	https://playentry.org/project/629608c1ad107b00cdb8aba6
2022-05-30	220530_로엔 작품	기타	비공개	3	0	0	https://playentry.org/project/6294a24f53cdaa00aa499507
2022-05-30	[인,스도전]{엔트리빵}의 리메이크(조금 더 수정함)	게임	비공개	78	2	7	https://playentry.org/project/62949601d6befa009ec58b1f
2022-05-28	네모네모 바운스볼!의 복구	기타	비공개	0	0	0	https://playentry.org/project/629203c12dda46001e2c7164
2022-05-27	복귀작	게임	비공개	36	0	1	https://playentry.org/project/6290ab81dd22c40056ed92f9
2022-04-17	민트봇	지식 공유	비공개	76	4	9	https://playentry.org/project/625c0ab0b1b88c041613ef8f
2022-04-16	탱크의 리메이크	기타	비공개	3	0	0	https://playentry.org/project/625ac0f991efc4022ad35ece
2022-03-30	팔로워 222 이벤트!	지식 공유	비공개	41	1	26	https://playentry.org/project/62443697c2c10a015e660c88
2022-03-30	민트님 배사	지식 공유	비공개	59	1	1	https://playentry.org/project/6243b02f6e3348002c2f685d
2022-03-30	220330_로엔 작품	기타	비공개	1	0	0	https://playentry.org/project/6243a8067f57e3004ae16d24
2022-03-29	민트민트!	지식 공유	비공개	109	2	3	https://playentry.org/project/6242cb8c479a0d005664b9ee
2022-03-28	합작(22)	기타	비공개	35	0	13	https://playentry.org/project/624169b1a8179a0062e34c7c
2022-03-28	코로나.....ㅎ	기타	비공개	54	2	20	https://playentry.org/project/624133d9c2c10a015e653c9a
2022-03-23	220323_로엔 작품	기타	비공개	0	0	0	https://playentry.org/project/623b18d91c904a0025ad7ac5
2022-03-22	츠알떡이 님 프사	지식 공유	비공개	53	2	8	https://playentry.org/project/623980b4f0ce97006e7827c2
2022-03-20	???	지식 공유	비공개	96	4	10	https://playentry.org/project/62370261f48459004a2e4ab8
2022-03-18	스스스스스킬	지식 공유	비공개	53	3	3	https://playentry.org/project/623486296618b7002d331aa4
2022-03-18	방치형게임 : 스킬[운석]의 리메이크	기타	비공개	0	0	0	https://playentry.org/project/623484530af1da004ad17e1b
2022-03-18	220318_로엔 작품	기타	비공개	4	0	0	https://playentry.org/project/623481392cc5dc002cfb6607
2022-03-18	220318_로엔 작품	기타	비공개	0	0	0	https://playentry.org/project/623477a2b4e09d0056bfb878
2022-03-16	방치형 닌자?	지식 공유	비공개	86	2	5	https://playentry.org/project/6231e1c749e777015271c129
2022-03-16	220316_로엔 작품	기타	비공개	101	0	16	https://playentry.org/project/623193fe730e24004a05bf80
2022-03-13	220313_로엔 작품	기타	비공개	34	1	4	https://playentry.org/project/622da8eee9428001528af91e
2022-03-13	220313_로엔 작품	기타	비공개	24	1	0	https://playentry.org/project/622d95e54ea16001ca97ac5c
2022-03-13	합작 할 때 쓸수 잇을 거 같은데??	지식 공유	비공개	53	2	44	https://playentry.org/project/622d4346d5498b010a53f5af
2022-03-12	합작 크루 멤버들!	기타	비공개	62	1	28	https://playentry.org/project/622c63956d6d3801bec7a8f3
2022-03-11	합작 할사람 있나요?	지식 공유	비공개	56	2	26	https://playentry.org/project/622b521b8cf6f9013aadf40f
2022-03-11	220311_로엔 작품	기타	비공개	59	2	4	https://playentry.org/project/622b515de598aa00866c7987
2022-03-10	악플러 퇴치	생활과 도구	비공개	37	1	7	https://playentry.org/project/622a091cdb1f4e016a369a53
2022-03-09	투표!!!!!!!!!!!!!	지식 공유	비공개	36	2	4	https://playentry.org/project/622890b3a70c0201221bb713
2022-03-09	220309_로엔 작품	기타	비공개	0	0	0	https://playentry.org/project/62283f6155138000f2a7f4f1
2022-03-09	민트올리브님 인트로	기타	비공개	94	2	28	https://playentry.org/project/62281da91f405d01465c978a
2022-03-06	합작	지식 공유	비공개	102	2	8	https://playentry.org/project/6224ab1311618100fe83af8b
2022-03-01	스킬!	예술	비공개	188	3	30	https://playentry.org/project/621d86ff1edac00037ed904a
2022-03-01	대회 참가	예술	비공개	204	7	20	https://playentry.org/project/621d6c0d74fe2500255b7dab
2022-02-28	바주카포	지식 공유	비공개	20	1	2	https://playentry.org/project/621d602fccbd450037523d56
2022-02-28	스킬 만들기 대회!!!!!!!!!!!!!!!!!!!!	생활과 도구	비공개	30	2	3	https://playentry.org/project/621d5d07ccbd450037523d16
2022-02-28	프사걸려라	기타	비공개	11	0	0	https://playentry.org/project/621c1bed9f26aa00628ccf46
2022-02-20	게임 대회 순위!	지식 공유	비공개	8	0	0	https://playentry.org/project/6212d2f0838b6100f2a4354f
2022-02-18	220219_로엔 작품	기타	비공개	0	0	0	https://playentry.org/project/621026e005a2dc0061e54d8d
2022-02-18	220218_로엔 작품의 복구	기타	비공개	0	0	0	https://playentry.org/project/620f44cfba22f100aa9556c6
2022-02-18	3d총게임의 리메이크	기타	비공개	0	0	0	https://playentry.org/project/620f3f1855874900550b4caa
2022-02-18	아무것도 없는 '곳'의 리메이크	생활과 도구	비공개	0	0	0	https://playentry.org/project/620f199d83fe3a00c258749f
2022-02-18	220218_로엔 작품	기타	비공개	0	0	0	https://playentry.org/project/620f17f926eb9b00c2cce3d5
2022-02-18	220218_로엔 작품	기타	비공개	2	0	0	https://playentry.org/project/620ee7cb70cd3800c2ba3200
2022-02-17	220217_참잘햇어요 작품의 리메이크	지식 공유	비공개	17	0	4	https://playentry.org/project/620d936abe86f60056846d8f
2022-02-16	제발 싸우지마세요	생활과 도구	비공개	9	0	5	https://playentry.org/project/620d8e779d028c00b649f3d7
2022-02-16	엔트리마을?의 리메이크	생활과 도구	비공개	0	0	0	https://playentry.org/project/620c4a4baa21eb009e649ca0
2022-02-15	이런거 가지고 싸우지 마세요	기타	비공개	7	0	3	https://playentry.org/project/620bb0749534470025188a19
2022-02-11	220211_로엔 작품의 리메이크	기타	비공개	1	0	0	https://playentry.org/project/62060578f7f75b003748319e
2022-02-11	220211_로엔 작품	기타	비공개	0	0	0	https://playentry.org/project/6205ca4590c1af006e1e582a
2022-02-10	220210_로엔 작품	기타	비공개	0	0	0	https://playentry.org/project/620501e3237bd20056f2553c
2022-02-10	로그인 기능 만들기의 리메이크	생활과 도구	비공개	0	0	0	https://playentry.org/project/62048128410a8c00aada68ce
2022-02-10	220210_로엔 작품	기타	비공개	0	0	0	https://playentry.org/project/62047092d20e1800da539301
2022-02-09	220209_로엔 작품	기타	비공개	0	0	0	https://playentry.org/project/6203c9da09adb3004a6245cd
2022-02-09	220209_로엔 작품의 복구	기타	비공개	3	0	3	https://playentry.org/project/62030e7b05eec8007abb8d17
2022-02-08	220209_로엔 작품	기타	비공개	0	0	0	https://playentry.org/project/6203037b05eec8007abb8ad5
2022-02-08	220208_로엔 작품	기타	비공개	0	0	0	https://playentry.org/project/6201ed59ae4bcb002ce8e5a6
2022-02-08	220208_로엔 작품	기타	비공개	0	0	0	https://playentry.org/project/6201ddc9b7d01e00862fbccc
2022-02-08	220208_로엔 작품의 복구	기타	비공개	0	0	0	https://playentry.org/project/6201d9d7e145ab002cf0870f
2022-01-25	220125_로엔 작품	기타	비공개	0	0	0	https://playentry.org/project/61efa186031bbf0056ea0e6b
2022-01-25	220125_로엔 작품의 복구의 복구	기타	비공개	0	0	0	https://playentry.org/project/61ef946c1b2350001a88b4f8
2022-01-25	220125_로엔 작품의 복구	기타	비공개	0	0	0	https://playentry.org/project/61ef6982cbec07002571cd14
2022-01-25	모집!!	기타	비공개	1	0	0	https://playentry.org/project/61ef63d5d272f9006e8cc7f6
2022-01-25	실시간 도시의 복구	기타	비공개	0	0	0	https://playentry.org/project/61ef53f6809073006ca0ac99
2022-01-22	실시간 도시	기타	비공개	0	0	0	https://playentry.org/project/61ebbe65031bbf0056e957cb
2022-01-20	아처스	기타	비공개	1	0	0	https://playentry.org/project/61e960f5e2ca7a00374f2639
2022-01-16	아이디어	지식 공유	비공개	15	0	1	https://playentry.org/project/61e4a89c256c51002c32e881
2022-01-13	220114_로엔 작품	기타	비공개	0	0	0	https://playentry.org/project/61e0b1eb966b97003792fc5e
2022-01-13	220114_로엔 작품의 복구	기타	비공개	3	0	0	https://playentry.org/project/61e0aeeb176bb70025026151
2022-01-13	220112_로엔 작품의 복구	기타	비공개	2	0	0	https://playentry.org/project/61dffb05f64daa00371892ee
2022-01-11	220112_로엔 작품	기타	비공개	2	0	0	https://playentry.org/project/61de11353e2936002c787fb7
2021-10-28	[핼러윈, 호박]_로엔	기타	비공개	0	0	0	https://playentry.org/project/617a9a8df7512c03923c0799
2021-08-24	마을 쟁탈전 업데이트의 리메이크	게임	비공개	0	0	0	https://playentry.org/project/6124b094fea0b9b82e73cc0d
2021-08-24	마을 쟁탈전 업데이트의 리메이크	게임	비공개	0	0	0	https://playentry.org/project/6124b0701000330028e692b3
2021-04-13	전쟁	게임	비공개	9	0	0	https://playentry.org/project/60759ba0fe38ca06317267ba
2021-02-12	210212_작품	기타	비공개	1	0	0	https://playentry.org/project/6025df26f20e7f6897eae410
2021-02-11	백기사와 마녀	기타	비공개	37	0	5	https://playentry.org/project/6024ca57243a5a5775657f5c
2020-12-18	201218_로엔 작품	기타	비공개	3	0	0	https://playentry.org/project/5fdc9c3ada5c480ffc575998
2020-12-18	벽을타지마 2 의 사본 의 사본	기타	비공개	5	0	0	https://playentry.org/project/5fdc92f51753050306456614
2020-12-05	벽을타지마 2 의 사본	기타	비공개	0	0	0	https://playentry.org/project/5fcb267469215801b0f712d1
2020-12-03	벽을타지마 2	기타	비공개	68	4	4	https://playentry.org/project/5fc8d8e3d3b8d00086901cb6
2020-12-01	제가 만든건데... ㅎㅎ 좀 그래요(영자님이 오셨다)	게임	비공개	376	12	17	https://playentry.org/project/5fc613f8904ac60174fa0d45
